#NAME,Group
10023,Healthy
10025,Healthy
10029,Healthy
10031,Healthy
10036,Healthy
10037,Healthy
10038,Healthy
10040,Healthy
10046,Healthy
10048,Healthy
10052,Healthy
10058,Healthy
10060,Healthy
10080,Healthy
10092,Healthy
10100,Healthy
10105,Healthy
10106,Healthy
10107,Healthy
10114,Healthy
10132,Healthy
10135,Healthy
10144,Healthy
10150,Healthy
10151,Healthy
10158,Healthy
10169,Healthy
10183,Healthy
10188,Healthy
10197,Healthy
10200,Healthy
10206,Healthy
10207,Healthy
10208,Healthy
10212,Healthy
10215,Healthy
10219,Healthy
10221,Healthy
10223,Healthy
10226,Healthy
10229,Healthy
10231,Healthy
10235,Healthy
10244,Healthy
10246,Healthy
10250,Healthy
10254,Healthy
10258,Healthy
10259,Healthy
10262,Healthy
10269,Healthy
10271,Healthy
10272,Healthy
10273,Healthy
10274,Healthy
10298,Healthy
10301,Healthy
10302,Healthy
10304,Healthy
10315,Healthy
10317,Healthy
10318,Healthy
10320,Healthy
10325,Healthy
10335,Healthy
10339,Healthy
10340,Healthy
10341,Healthy
10349,Healthy
10350,Healthy
10353,Healthy
10354,Healthy
10356,Healthy
10357,Healthy
10362,Healthy
10364,Healthy
10378,Healthy
10390,Healthy
10456,Healthy
10463,Healthy
10465,Healthy
10473,Healthy
10486,Healthy
10487,Healthy
10489,Healthy
10497,Healthy
10504,Healthy
10508,Healthy
10510,Healthy
10512,Healthy
10515,Healthy
10519,Healthy
10537,Healthy
10541,Healthy
10543,Healthy
10559,Healthy
10562,Healthy
10570,Healthy
10577,Healthy
10583,Healthy
10585,Healthy
10586,Healthy
10587,Healthy
10589,Healthy
10591,Healthy
10592,Healthy
10593,Healthy
10618,Healthy
10620,Healthy
10621,Healthy
10622,Healthy
10627,Healthy
10632,Healthy
10639,Healthy
10647,Healthy
10657,Healthy
10659,Healthy
10661,Healthy
10663,Healthy
10678,Healthy
10684,Healthy
10698,Healthy
10701,Healthy
10716,Healthy
10726,Healthy
10733,Healthy
10741,Healthy
10776,Healthy
10784,Healthy
10788,Healthy
10794,Healthy
10797,Healthy
10801,Healthy
10802,Healthy
10804,Healthy
10805,Healthy
10807,Healthy
10808,Healthy
10817,Healthy
10832,Healthy
10835,Healthy
10838,Healthy
10850,Healthy
10869,Healthy
10889,Healthy
10890,Healthy
10907,Healthy
10913,Healthy
10924,Healthy
10947,Healthy
10968,Healthy
10976,Healthy
10990,Healthy
11031,Healthy
11035,Healthy
11049,Healthy
11057,Healthy
11062,Healthy
11106,Healthy
11124,Healthy
11159,Healthy
11168,Healthy
11170,Healthy
11171,Healthy
11203,Healthy
11209,Healthy
11210,Healthy
11213,Healthy
11223,Healthy
11226,Healthy
11227,Healthy
11243,Healthy
11255,Healthy
11294,Healthy
11299,Healthy
11311,Healthy
11343,Healthy
11354,Healthy
11369,Healthy
11379,Healthy
11389,Healthy
11409,Healthy
11413,Healthy
11419,Healthy
11431,Healthy
11432,Healthy
11434,Healthy
11448,Healthy
11449,Healthy
11450,Healthy
11451,Healthy
11452,Healthy
11454,Healthy
11459,Healthy
11464,Healthy
11467,Healthy
11473,Healthy
11475,Healthy
11477,Healthy
11480,Healthy
11486,Healthy
11487,Healthy
11489,Healthy
11492,Healthy
11495,Healthy
11501,Healthy
11513,Healthy
11521,Healthy
11524,Healthy
11526,Healthy
11527,Healthy
11528,Healthy
11580,Healthy
11607,Healthy
11626,Healthy
11638,Healthy
11641,Healthy
11675,Healthy
11682,Healthy
11694,Healthy
11710,Healthy
11720,Healthy
11754,Healthy
11788,Healthy
11796,Healthy
11818,Healthy
11821,Healthy
11822,Healthy
11873,Healthy
11885,Healthy
11927,Healthy
11942,Healthy
11955,Healthy
11965,Healthy
11984,Healthy
11996,Healthy
12016,Healthy
12070,Healthy
12082,Healthy
12101,Healthy
12106,Healthy
12165,Healthy
12197,Healthy
12204,Healthy
12242,Healthy
12243,Healthy
12276,Healthy
12340,Healthy
12370,Healthy
12389,Healthy
12396,Healthy
00001,Stage_III_IV
10059,Stage_III_IV
10099,Stage_III_IV
10103,Stage_III_IV
10118,Stage_III_IV
10152,Stage_III_IV
10168,Stage_III_IV
10171,Stage_III_IV
10178,Stage_III_IV
10191,Stage_III_IV
10195,Stage_III_IV
10201,Stage_III_IV
10213,Stage_III_IV
10232,Stage_III_IV
10238,Stage_III_IV
10260,Stage_III_IV
10266,Stage_III_IV
10284,Stage_III_IV
10303,Stage_III_IV
10307,Stage_III_IV
10322,Stage_III_IV
10332,Stage_III_IV
10367,Stage_III_IV
10380,Stage_III_IV
10461,Stage_III_IV
10468,Stage_III_IV
10476,Stage_III_IV
10483,Stage_III_IV
10492,Stage_III_IV
10513,Stage_III_IV
10514,Stage_III_IV
10527,Stage_III_IV
10532,Stage_III_IV
10544,Stage_III_IV
10556,Stage_III_IV
10566,Stage_III_IV
10578,Stage_III_IV
10582,Stage_III_IV
10604,Stage_III_IV
10616,Stage_III_IV
10635,Stage_III_IV
10645,Stage_III_IV
10646,Stage_III_IV
10656,Stage_III_IV
10660,Stage_III_IV
10665,Stage_III_IV
10714,Stage_III_IV
10715,Stage_III_IV
10725,Stage_III_IV
10747,Stage_III_IV
10754,Stage_III_IV
10760,Stage_III_IV
10761,Stage_III_IV
10765,Stage_III_IV
10772,Stage_III_IV
10813,Stage_III_IV
10818,Stage_III_IV
10839,Stage_III_IV
10847,Stage_III_IV
10931,Stage_III_IV
11820,Stage_III_IV
11826,Stage_III_IV
11829,Stage_III_IV
11831,Stage_III_IV
11859,Stage_III_IV
11899,Stage_III_IV
11920,Stage_III_IV
11921,Stage_III_IV
11922,Stage_III_IV
11940,Stage_III_IV
11957,Stage_III_IV
11982,Stage_III_IV
12005,Stage_III_IV
12014,Stage_III_IV
